link,title
/sfc/npo/5482671764.html,
/nby/npo/5482670625.html,
/nby/npo/5482667839.html,
/sfc/npo/5482663901.html,
/sfc/npo/5482662895.html,
/eby/npo/5482647564.html,
/eby/npo/5482618592.html,
/eby/npo/5482602552.html,
/scz/npo/5482591833.html,
/eby/npo/5482589093.html,
/sfc/npo/5482574357.html,
/eby/npo/5482540107.html,
/eby/npo/5482538914.html,
/sfc/npo/5482523781.html,
/sfc/npo/5482500185.html,
/eby/npo/5482476610.html,
/eby/npo/5482474096.html,
/sfc/npo/5482470685.html,
/eby/npo/5482470085.html,
/sfc/npo/5482466498.html,
/sfc/npo/5482457631.html,
/eby/npo/5482419906.html,
/eby/npo/5482378864.html,
/eby/npo/5482370058.html,
/nby/npo/5482364832.html,
/sfc/npo/5482361873.html,
/sfc/npo/5482354409.html,
/eby/npo/5482351447.html,
/sby/npo/5482340469.html,
/sby/npo/5482321627.html,
/eby/npo/5482316728.html,
/pen/npo/5482303795.html,
/pen/npo/5482296370.html,
/sby/npo/5482288573.html,
/eby/npo/5482286007.html,
/sfc/npo/5482272175.html,
/sfc/npo/5482260191.html,
/eby/npo/5482257856.html,
/nby/npo/5482257779.html,
/sfc/npo/5482246331.html,
/sfc/npo/5482239393.html,
/sfc/npo/5482236998.html,
/nby/npo/5482228689.html,
/eby/npo/5482223563.html,
/pen/npo/5482194077.html,
/pen/npo/5482183194.html,
/sby/npo/5482180074.html,
/sby/npo/5482175666.html,
/eby/npo/5482105579.html,
/eby/npo/5482105406.html,
/sfc/npo/5482077388.html,
/scz/npo/5482004012.html,
/scz/npo/5481999545.html,
/nby/npo/5481388580.html,
/eby/npo/5481385145.html,
/nby/npo/5481362951.html,
/nby/npo/5481352809.html,
/nby/npo/5481341695.html,
/eby/npo/5481338309.html,
/nby/npo/5481334366.html,
/eby/npo/5481332112.html,
/eby/npo/5481325861.html,
/sfc/npo/5481284303.html,
/nby/npo/5481247323.html,
/eby/npo/5481246625.html,
/sby/npo/5481246399.html,
/eby/npo/5481245603.html,
/eby/npo/5481244759.html,
/sby/npo/5481243385.html,
/eby/npo/5481242557.html,
/sfc/npo/5481241643.html,
/eby/npo/5481240691.html,
/sfc/npo/5481196951.html,
/sfc/npo/5481183640.html,
/sfc/npo/5481160952.html,
/eby/npo/5481125053.html,
/eby/npo/5481121654.html,
/eby/npo/5481114131.html,
/scz/npo/5481111048.html,
/sfc/npo/5481088685.html,
/sby/npo/5481085541.html,
/sby/npo/5481062497.html,
/eby/npo/5481021993.html,
/nby/npo/5481018549.html,
/pen/npo/5481010859.html,
/sby/npo/5481003747.html,
/nby/npo/5480974011.html,
/sfc/npo/5480956756.html,
/sby/npo/5480944519.html,
/scz/npo/5480937859.html,
/nby/npo/5480933820.html,
/eby/npo/5480916796.html,
/sfc/npo/5480904683.html,
/sfc/npo/5480886973.html,
/nby/npo/5480884168.html,
/eby/npo/5480860799.html,
/sfc/npo/5480847704.html,
/sfc/npo/5480845931.html,
/sby/npo/5480839545.html,
/eby/npo/5480823380.html,
